cell_y,cell_x,muni_en
35,30,
35,31,
35,32,
35,33,
35,34,
35,35,
35,36,
35,37,Hakui
35,38,Hakui
35,39,Hakui
35,40,Hakui
35,41,Hakui
35,42,Hakui
35,43,Nakanoto
35,44,Himi
35,45,Himi
35,46,Himi
35,47,Himi
35,48,Himi
35,49,Himi
35,50,Himi
35,51,
35,52,
35,53,
35,54,
35,55,
35,56,
35,57,
35,58,
35,59,
35,60,
35,61,
35,62,
35,63,
35,64,
35,65,
35,66,
35,67,
35,68,
35,69,Kurobe
35,70,Kurobe
36,30,
36,31,
36,32,
36,33,
36,34,
36,35,
36,36,Hakui
36,37,Hakui
36,38,Hakui
36,39,Hakui
36,40,Hakui
36,41,Hakui
36,42,Hakui
36,43,Nakanoto
36,44,Nakanoto
36,45,Himi
36,46,Himi
36,47,Himi
36,48,Himi
36,49,Himi
36,50,Himi
36,51,Himi
36,52,
36,53,
36,54,
36,55,
36,56,
36,57,
36,58,
36,59,
36,60,
36,61,
36,62,
36,63,
36,64,
36,65,
36,66,
36,67,
36,68,
36,69,
36,70,Nyuzen
37,30,
37,31,
37,32,
37,33,
37,34,
37,35,
37,36,
37,37,Hakui
37,38,Hakui
37,39,Shika
37,40,Shika
37,41,Nakanoto
37,42,Nakanoto
37,43,Nakanoto
37,44,Nakanoto
37,45,Nakanoto
37,46,Nakanoto
37,47,Nakanoto
37,48,Himi
37,49,Himi
37,50,Himi
37,51,Himi
37,52,
37,53,
37,54,
37,55,
37,56,
37,57,
37,58,
37,59,
37,60,
37,61,
37,62,
37,63,
37,64,
37,65,
37,66,
37,67,
37,68,
37,69,
37,70,
38,30,
38,31,
38,32,
38,33,
38,34,
38,35,
38,36,
38,37,Shika
38,38,Shika
38,39,Shika
38,40,Shika
38,41,Shika
38,42,Nakanoto
38,43,Nakanoto
38,44,Nakanoto
38,45,Nakanoto
38,46,Nakanoto
38,47,Nanao
38,48,Nanao
38,49,Nanao
38,50,Nanao
38,51,Nanao
38,52,Nanao
38,53,
38,54,
38,55,
38,56,
38,57,
38,58,
38,59,
38,60,
38,61,
38,62,
38,63,
38,64,
38,65,
38,66,
38,67,
38,68,
38,69,
38,70,
39,30,
39,31,
39,32,
39,33,
39,34,
39,35,
39,36,
39,37,Shika
39,38,Shika
39,39,Shika
39,40,Shika
39,41,Shika
39,42,Nakanoto
39,43,Nakanoto
39,44,Nakanoto
39,45,Nakanoto
39,46,Nanao
39,47,Nanao
39,48,Nanao
39,49,Nanao
39,50,Nanao
39,51,Nanao
39,52,
39,53,
39,54,
39,55,
39,56,
39,57,
39,58,
39,59,
39,60,
39,61,
39,62,
39,63,
39,64,
39,65,
39,66,
39,67,
39,68,
39,69,
39,70,
40,30,
40,31,
40,32,
40,33,
40,34,
40,35,
40,36,Shika
40,37,Shika
40,38,Shika
40,39,Shika
40,40,Shika
40,41,Shika
40,42,Nakanoto
40,43,Nanao
40,44,Nanao
40,45,Nanao
40,46,Nanao
40,47,Nanao
40,48,Nanao
40,49,Nanao
40,50,Nanao
40,51,Nanao
40,52,
40,53,
40,54,
40,55,
40,56,
40,57,
40,58,
40,59,
40,60,
40,61,
40,62,
40,63,
40,64,
40,65,
40,66,
40,67,
40,68,
40,69,
40,70,
41,30,
41,31,
41,32,
41,33,
41,34,
41,35,Shika
41,36,Shika
41,37,Shika
41,38,Shika
41,39,Shika
41,40,Shika
41,41,Shika
41,42,Nanao
41,43,Nanao
41,44,Nanao
41,45,Nanao
41,46,Nanao
41,47,Nanao
41,48,Nanao
41,49,Nanao
41,50,Nanao
41,51,Nanao
41,52,
41,53,
41,54,
41,55,
41,56,
41,57,
41,58,
41,59,
41,60,
41,61,
41,62,
41,63,
41,64,
41,65,
41,66,
41,67,
41,68,
41,69,
41,70,
42,30,
42,31,
42,32,
42,33,
42,34,
42,35,Shika
42,36,Shika
42,37,Shika
42,38,Shika
42,39,Shika
42,40,Shika
42,41,Nanao
42,42,Nanao
42,43,Nanao
42,44,Nanao
42,45,Nanao
42,46,Nanao
42,47,Nanao
42,48,Nanao
42,49,Nanao
42,50,Nanao
42,51,Nanao
42,52,
42,53,
42,54,
42,55,
42,56,
42,57,
42,58,
42,59,
42,60,
42,61,
42,62,
42,63,
42,64,
42,65,
42,66,
42,67,
42,68,
42,69,
42,70,
43,30,
43,31,
43,32,
43,33,
43,34,
43,35,Shika
43,36,Shika
43,37,Shika
43,38,Shika
43,39,Shika
43,40,Nanao
43,41,Nanao
43,42,Nanao
43,43,Nanao
43,44,Nanao
43,45,Nanao
43,46,Nanao
43,47,
43,48,Nanao
43,49,Nanao
43,50,Nanao
43,51,Nanao
43,52,
43,53,
43,54,
43,55,
43,56,
43,57,
43,58,
43,59,
43,60,
43,61,
43,62,
43,63,
43,64,
43,65,
43,66,
43,67,
43,68,
43,69,
43,70,
44,30,
44,31,
44,32,
44,33,
44,34,
44,35,Shika
44,36,Shika
44,37,Shika
44,38,Shika
44,39,Nanao
44,40,Nanao
44,41,Nanao
44,42,Nanao
44,43,Nanao
44,44,
44,45,
44,46,Nanao
44,47,Nanao
44,48,Nanao
44,49,Nanao
44,50,Nanao
44,51,Nanao
44,52,Nanao
44,53,
44,54,
44,55,
44,56,
44,57,
44,58,
44,59,
44,60,
44,61,
44,62,
44,63,
44,64,
44,65,
44,66,
44,67,
44,68,
44,69,
44,70,
45,30,
45,31,
45,32,
45,33,
45,34,
45,35,Shika
45,36,Shika
45,37,Shika
45,38,Nanao
45,39,Nanao
45,40,Nanao
45,41,Nanao
45,42,Nanao
45,43,Nanao
45,44,Nanao
45,45,Nanao
45,46,Nanao
45,47,Nanao
45,48,Nanao
45,49,Nanao
45,50,Nanao
45,51,Nanao
45,52,
45,53,
45,54,
45,55,
45,56,
45,57,
45,58,
45,59,
45,60,
45,61,
45,62,
45,63,
45,64,
45,65,
45,66,
45,67,
45,68,
45,69,
45,70,
46,30,
46,31,
46,32,
46,33,Shika
46,34,Shika
46,35,Shika
46,36,Shika
46,37,Shika
46,38,Shika
46,39,Nanao
46,40,Nanao
46,41,Nanao
46,42,Nanao
46,43,Nanao
46,44,Nanao
46,45,Nanao
46,46,Nanao
46,47,Nanao
46,48,Nanao
46,49,Nanao
46,50,Nanao
46,51,Nanao
46,52,
46,53,
46,54,
46,55,
46,56,
46,57,
46,58,
46,59,
46,60,
46,61,
46,62,
46,63,
46,64,
46,65,
46,66,
46,67,
46,68,
46,69,
46,70,
47,30,
47,31,
47,32,
47,33,Shika
47,34,Shika
47,35,Shika
47,36,Shika
47,37,Shika
47,38,Shika
47,39,Nanao
47,40,Nanao
47,41,Nanao
47,42,Nanao
47,43,Nanao
47,44,Anamizu
47,45,
47,46,
47,47,Nanao
47,48,Nanao
47,49,
47,50,Nanao
47,51,Nanao
47,52,
47,53,
47,54,
47,55,
47,56,
47,57,
47,58,
47,59,
47,60,
47,61,
47,62,
47,63,
47,64,
47,65,
47,66,
47,67,
47,68,
47,69,
47,70,
48,30,
48,31,
48,32,
48,33,Shika
48,34,Shika
48,35,Shika
48,36,Shika
48,37,Shika
48,38,Shika
48,39,Shika
48,40,Nanao
48,41,Nanao
48,42,Anamizu
48,43,Anamizu
48,44,Anamizu
48,45,
48,46,
48,47,
48,48,Anamizu
48,49,Anamizu
48,50,Anamizu
48,51,
48,52,
48,53,
48,54,
48,55,
48,56,
48,57,
48,58,
48,59,
48,60,
48,61,
48,62,
48,63,
48,64,
48,65,
48,66,
48,67,
48,68,
48,69,
48,70,
49,30,
49,31,
49,32,
49,33,Shika
49,34,Shika
49,35,Shika
49,36,Wajima
49,37,Wajima
49,38,Shika
49,39,Shika
49,40,Shika
49,41,Anamizu
49,42,Anamizu
49,43,Anamizu
49,44,Anamizu
49,45,Anamizu
49,46,Anamizu
49,47,Anamizu
49,48,Anamizu
49,49,Anamizu
49,50,Anamizu
49,51,Anamizu
49,52,Anamizu
49,53,
49,54,
49,55,
49,56,
49,57,
49,58,
49,59,
49,60,
49,61,
49,62,
49,63,
49,64,
49,65,
49,66,
49,67,
49,68,
49,69,
49,70,
50,30,
50,31,
50,32,
50,33,
50,34,Wajima
50,35,Wajima
50,36,Wajima
50,37,Wajima
50,38,Wajima
50,39,Anamizu
50,40,Anamizu
50,41,Anamizu
50,42,Anamizu
50,43,Anamizu
50,44,Anamizu
50,45,Anamizu
50,46,Anamizu
50,47,Anamizu
50,48,Anamizu
50,49,Anamizu
50,50,Anamizu
50,51,Anamizu
50,52,Anamizu
50,53,
50,54,
50,55,
50,56,
50,57,
50,58,
50,59,
50,60,
50,61,
50,62,
50,63,
50,64,
50,65,
50,66,
50,67,
50,68,
50,69,
50,70,
51,30,
51,31,
51,32,
51,33,
51,34,Wajima
51,35,Wajima
51,36,Wajima
51,37,Wajima
51,38,Wajima
51,39,Wajima
51,40,Anamizu
51,41,Anamizu
51,42,Anamizu
51,43,Anamizu
51,44,Anamizu
51,45,Anamizu
51,46,Anamizu
51,47,Anamizu
51,48,Anamizu
51,49,Anamizu
51,50,Anamizu
51,51,Anamizu
51,52,Anamizu
51,53,Noto-town
51,54,
51,55,
51,56,
51,57,
51,58,
51,59,
51,60,
51,61,
51,62,
51,63,
51,64,
51,65,
51,66,
51,67,
51,68,
51,69,
51,70,
52,30,
52,31,
52,32,
52,33,
52,34,
52,35,Wajima
52,36,Wajima
52,37,Wajima
52,38,Wajima
52,39,Wajima
52,40,Wajima
52,41,Wajima
52,42,Wajima
52,43,Anamizu
52,44,Anamizu
52,45,Anamizu
52,46,Anamizu
52,47,Anamizu
52,48,Anamizu
52,49,Noto-town
52,50,Noto-town
52,51,Noto-town
52,52,Noto-town
52,53,Noto-town
52,54,Noto-town
52,55,
52,56,
52,57,
52,58,
52,59,
52,60,
52,61,
52,62,
52,63,
52,64,
52,65,
52,66,
52,67,
52,68,
52,69,
52,70,
53,30,
53,31,
53,32,
53,33,
53,34,
53,35,Wajima
53,36,Wajima
53,37,Wajima
53,38,Wajima
53,39,Wajima
53,40,Wajima
53,41,Wajima
53,42,Wajima
53,43,Wajima
53,44,Wajima
53,45,Wajima
53,46,Wajima
53,47,Anamizu
53,48,Anamizu
53,49,Noto-town
53,50,Noto-town
53,51,Noto-town
53,52,Noto-town
53,53,Noto-town
53,54,Noto-town
53,55,Noto-town
53,56,Noto-town
53,57,Noto-town
53,58,Noto-town
53,59,Noto-town
53,60,Noto-town
53,61,
53,62,
53,63,
53,64,
53,65,
53,66,
53,67,
53,68,
53,69,
53,70,
54,30,
54,31,
54,32,
54,33,
54,34,
54,35,Wajima
54,36,Wajima
54,37,Wajima
54,38,Wajima
54,39,Wajima
54,40,Wajima
54,41,Wajima
54,42,Wajima
54,43,Wajima
54,44,Wajima
54,45,Wajima
54,46,Wajima
54,47,Wajima
54,48,Noto-town
54,49,Noto-town
54,50,Noto-town
54,51,Noto-town
54,52,Noto-town
54,53,Noto-town
54,54,Noto-town
54,55,Noto-town
54,56,Noto-town
54,57,Noto-town
54,58,Noto-town
54,59,Noto-town
54,60,Noto-town
54,61,Noto-town
54,62,
54,63,
54,64,
54,65,
54,66,
54,67,
54,68,
54,69,
54,70,
55,30,
55,31,
55,32,
55,33,
55,34,
55,35,Wajima
55,36,Wajima
55,37,Wajima
55,38,Wajima
55,39,Wajima
55,40,Wajima
55,41,Wajima
55,42,Wajima
55,43,Wajima
55,44,Wajima
55,45,Wajima
55,46,Wajima
55,47,Wajima
55,48,Noto-town
55,49,Noto-town
55,50,Noto-town
55,51,Noto-town
55,52,Noto-town
55,53,Noto-town
55,54,Noto-town
55,55,Noto-town
55,56,Noto-town
55,57,Noto-town
55,58,Noto-town
55,59,Noto-town
55,60,Noto-town
55,61,Noto-town
55,62,Noto-town
55,63,
55,64,
55,65,
55,66,
55,67,
55,68,
55,69,
55,70,
56,30,
56,31,
56,32,
56,33,
56,34,
56,35,
56,36,Wajima
56,37,Wajima
56,38,Wajima
56,39,Wajima
56,40,Wajima
56,41,Wajima
56,42,Wajima
56,43,Wajima
56,44,Wajima
56,45,Wajima
56,46,Wajima
56,47,Wajima
56,48,Noto-town
56,49,Noto-town
56,50,Noto-town
56,51,Noto-town
56,52,Noto-town
56,53,Noto-town
56,54,Noto-town
56,55,Noto-town
56,56,Noto-town
56,57,Noto-town
56,58,Noto-town
56,59,Noto-town
56,60,Noto-town
56,61,Noto-town
56,62,Noto-town
56,63,
56,64,
56,65,
56,66,
56,67,
56,68,
56,69,
56,70,
57,30,
57,31,
57,32,
57,33,
57,34,
57,35,
57,36,
57,37,Wajima
57,38,Wajima
57,39,Wajima
57,40,Wajima
57,41,Wajima
57,42,Wajima
57,43,Wajima
57,44,Wajima
57,45,Wajima
57,46,Wajima
57,47,Wajima
57,48,Noto-town
57,49,Noto-town
57,50,Noto-town
57,51,Noto-town
57,52,Noto-town
57,53,Noto-town
57,54,Noto-town
57,55,Noto-town
57,56,Noto-town
57,57,Suzu
57,58,Suzu
57,59,Suzu
57,60,Suzu
57,61,Noto-town
57,62,
57,63,
57,64,
57,65,
57,66,
57,67,
57,68,
57,69,
57,70,
58,30,
58,31,
58,32,
58,33,
58,34,
58,35,
58,36,
58,37,
58,38,
58,39,Wajima
58,40,Wajima
58,41,Wajima
58,42,Wajima
58,43,Wajima
58,44,Wajima
58,45,Wajima
58,46,Wajima
58,47,Wajima
58,48,Wajima
58,49,Wajima
58,50,Wajima
58,51,Wajima
58,52,Wajima
58,53,Wajima
58,54,Wajima
58,55,Noto-town
58,56,Suzu
58,57,Suzu
58,58,Suzu
58,59,Suzu
58,60,Suzu
58,61,Suzu
58,62,
58,63,
58,64,
58,65,
58,66,
58,67,
58,68,
58,69,
58,70,
59,30,
59,31,
59,32,
59,33,
59,34,
59,35,
59,36,
59,37,
59,38,
59,39,
59,40,
59,41,
59,42,Wajima
59,43,Wajima
59,44,Wajima
59,45,Wajima
59,46,Wajima
59,47,Wajima
59,48,Wajima
59,49,Wajima
59,50,Wajima
59,51,Wajima
59,52,Wajima
59,53,Wajima
59,54,Wajima
59,55,Wajima
59,56,Wajima
59,57,Suzu
59,58,Suzu
59,59,Suzu
59,60,Suzu
59,61,Suzu
59,62,
59,63,
59,64,
59,65,
59,66,
59,67,
59,68,
59,69,
59,70,
60,30,
60,31,
60,32,
60,33,
60,34,
60,35,
60,36,
60,37,
60,38,
60,39,
60,40,
60,41,
60,42,
60,43,
60,44,
60,45,
60,46,
60,47,
60,48,
60,49,Wajima
60,50,Wajima
60,51,Wajima
60,52,Wajima
60,53,Wajima
60,54,Wajima
60,55,Wajima
60,56,Suzu
60,57,Suzu
60,58,Suzu
60,59,Suzu
60,60,Suzu
60,61,Suzu
60,62,Suzu
60,63,Suzu
60,64,Suzu
60,65,Suzu
60,66,Suzu
60,67,
60,68,
60,69,
60,70,
61,30,
61,31,
61,32,
61,33,
61,34,
61,35,
61,36,
61,37,
61,38,
61,39,
61,40,
61,41,
61,42,
61,43,
61,44,
61,45,
61,46,
61,47,
61,48,
61,49,
61,50,
61,51,Wajima
61,52,Wajima
61,53,Wajima
61,54,Suzu
61,55,Suzu
61,56,Suzu
61,57,Suzu
61,58,Suzu
61,59,Suzu
61,60,Suzu
61,61,Suzu
61,62,Suzu
61,63,Suzu
61,64,Suzu
61,65,Suzu
61,66,Suzu
61,67,
61,68,
61,69,
61,70,
62,30,
62,31,
62,32,
62,33,
62,34,
62,35,
62,36,
62,37,
62,38,
62,39,
62,40,
62,41,
62,42,
62,43,
62,44,
62,45,
62,46,
62,47,
62,48,
62,49,
62,50,
62,51,
62,52,
62,53,Suzu
62,54,Suzu
62,55,Suzu
62,56,Suzu
62,57,Suzu
62,58,Suzu
62,59,Suzu
62,60,Suzu
62,61,Suzu
62,62,Suzu
62,63,Suzu
62,64,Suzu
62,65,Suzu
62,66,Suzu
62,67,
62,68,
62,69,
62,70,
63,30,
63,31,
63,32,
63,33,
63,34,
63,35,
63,36,
63,37,
63,38,
63,39,
63,40,
63,41,
63,42,
63,43,
63,44,
63,45,
63,46,
63,47,
63,48,
63,49,
63,50,
63,51,
63,52,
63,53,
63,54,
63,55,Suzu
63,56,Suzu
63,57,Suzu
63,58,Suzu
63,59,Suzu
63,60,Suzu
63,61,Suzu
63,62,Suzu
63,63,Suzu
63,64,Suzu
63,65,Suzu
63,66,Suzu
63,67,Suzu
63,68,
63,69,
63,70,
64,30,
64,31,
64,32,
64,33,
64,34,
64,35,
64,36,
64,37,
64,38,
64,39,
64,40,
64,41,
64,42,
64,43,
64,44,
64,45,
64,46,
64,47,
64,48,
64,49,
64,50,
64,51,
64,52,
64,53,
64,54,
64,55,
64,56,
64,57,
64,58,
64,59,Suzu
64,60,Suzu
64,61,Suzu
64,62,Suzu
64,63,Suzu
64,64,Suzu
64,65,Suzu
64,66,Suzu
64,67,
64,68,
64,69,
64,70,
65,30,
65,31,
65,32,
65,33,
65,34,
65,35,
65,36,
65,37,
65,38,
65,39,
65,40,
65,41,
65,42,
65,43,
65,44,
65,45,
65,46,
65,47,
65,48,
65,49,
65,50,
65,51,
65,52,
65,53,
65,54,
65,55,
65,56,
65,57,
65,58,
65,59,
65,60,
65,61,
65,62,Suzu
65,63,Suzu
65,64,
65,65,
65,66,
65,67,
65,68,
65,69,
65,70,
66,30,
66,31,
66,32,
66,33,
66,34,
66,35,
66,36,
66,37,
66,38,
66,39,
66,40,
66,41,
66,42,
66,43,
66,44,
66,45,
66,46,
66,47,
66,48,
66,49,
66,50,
66,51,
66,52,
66,53,
66,54,
66,55,
66,56,
66,57,
66,58,
66,59,
66,60,
66,61,
66,62,
66,63,
66,64,
66,65,
66,66,
66,67,
66,68,
66,69,
66,70,
67,30,
67,31,
67,32,
67,33,
67,34,
67,35,
67,36,
67,37,
67,38,
67,39,
67,40,
67,41,
67,42,Wajima
67,43,Wajima
67,44,
67,45,
67,46,
67,47,
67,48,
67,49,
67,50,
67,51,
67,52,
67,53,
67,54,
67,55,
67,56,
67,57,
67,58,
67,59,
67,60,
67,61,
67,62,
67,63,
67,64,
67,65,
67,66,
67,67,
67,68,
67,69,
67,70,
68,30,
68,31,
68,32,
68,33,
68,34,
68,35,
68,36,
68,37,
68,38,
68,39,
68,40,
68,41,
68,42,
68,43,
68,44,Wajima
68,45,
68,46,
68,47,
68,48,
68,49,
68,50,
68,51,
68,52,
68,53,
68,54,
68,55,
68,56,
68,57,
68,58,
68,59,
68,60,
68,61,
68,62,
68,63,
68,64,
68,65,
68,66,
68,67,
68,68,
68,69,
68,70,
69,30,
69,31,
69,32,
69,33,
69,34,
69,35,
69,36,
69,37,
69,38,
69,39,
69,40,
69,41,
69,42,
69,43,Wajima
69,44,
69,45,
69,46,
69,47,
69,48,
69,49,
69,50,
69,51,
69,52,
69,53,
69,54,
69,55,
69,56,
69,57,
69,58,
69,59,
69,60,
69,61,
69,62,
69,63,
69,64,
69,65,
69,66,
69,67,
69,68,
69,69,
69,70,
70,30,
70,31,
70,32,
70,33,
70,34,
70,35,
70,36,
70,37,
70,38,
70,39,
70,40,
70,41,
70,42,
70,43,
70,44,
70,45,
70,46,
70,47,
70,48,
70,49,
70,50,
70,51,
70,52,
70,53,
70,54,
70,55,
70,56,
70,57,
70,58,
70,59,
70,60,
70,61,
70,62,
70,63,
70,64,
70,65,
70,66,
70,67,
70,68,
70,69,
70,70,
