date,households,supplied,drink_supplied
2024-01-24,21202.0,5743.0,802.0
2024-01-25,21202.0,5811.0,969.0
2024-01-27,21202.0,6096.0,969.0
2024-01-28,21202.0,6116.0,2909.0
2024-01-29,21202.0,6232.0,4439.0
2024-01-30,21202.0,6616.0,4636.0
2024-01-31,21202.0,7027.0,5462.0
2024-02-01,21202.0,7063.0,5462.0
2024-02-07,21202.0,9086.0,5725.0
2024-02-14,21202.0,12748.0,7721.0
2024-02-21,21202.0,15971.0,11289.0
2024-02-28,21202.0,17168.0,15950.0
2024-02-29,21202.0,17462.0,15950.0
2024-03-01,21202.0,17462.0,16849.0
2024-03-06,21202.0,17543.0,17047.0
2024-03-07,21202.0,17715.0,17047.0
2024-03-14,21202.0,18421.0,17047.0
2024-03-21,21202.0,20019.0,17576.0
2024-03-28,21202.0,21057.0,20008.0
2024-03-29,21202.0,21067.0,20008.0
2024-03-30,21202.0,21118.0,20008.0
2024-04-01,21202.0,21195.0,20706.0
2024-04-04,21202.0,21195.0,21195.0
