date,en,water_out_frac
2024-01-19,Nanao,0.872
2024-01-20,Nanao,0.863
2024-01-21,Nanao,0.846
2024-01-22,Nanao,0.829
2024-01-23,Nanao,0.814
2024-01-24,Nanao,0.771
2024-01-25,Nanao,0.766
2024-01-26,Nanao,0.746
2024-01-27,Nanao,0.742
2024-01-28,Nanao,0.737
2024-01-29,Nanao,0.732
2024-01-30,Nanao,0.729
2024-01-31,Nanao,0.727
2024-02-01,Nanao,0.708
2024-02-02,Nanao,0.688
2024-02-03,Nanao,0.683
2024-02-04,Nanao,0.679
2024-02-05,Nanao,0.674
2024-02-06,Nanao,0.664
2024-02-07,Nanao,0.654
2024-02-08,Nanao,0.645
2024-02-09,Nanao,0.615
2024-02-10,Nanao,0.585
2024-02-11,Nanao,0.554
2024-02-12,Nanao,0.524
2024-02-13,Nanao,0.494
2024-02-14,Nanao,0.467
2024-02-15,Nanao,0.439
2024-02-16,Nanao,0.412
2024-02-17,Nanao,0.382
2024-02-18,Nanao,0.351
2024-02-19,Nanao,0.321
2024-02-20,Nanao,0.291
2024-02-21,Nanao,0.279
2024-02-22,Nanao,0.267
2024-02-23,Nanao,0.256
2024-02-24,Nanao,0.246
2024-02-25,Nanao,0.235
2024-02-26,Nanao,0.225
2024-02-27,Nanao,0.214
2024-02-28,Nanao,0.204
2024-02-29,Nanao,0.201
2024-03-01,Nanao,0.198
2024-03-02,Nanao,0.195
2024-03-03,Nanao,0.193
2024-03-04,Nanao,0.19
2024-03-05,Nanao,0.187
2024-03-06,Nanao,0.185
2024-03-07,Nanao,0.182
2024-03-08,Nanao,0.179
2024-03-09,Nanao,0.171
2024-03-10,Nanao,0.162
2024-03-11,Nanao,0.154
2024-03-12,Nanao,0.145
2024-03-13,Nanao,0.142
2024-03-14,Nanao,0.138
2024-03-15,Nanao,0.135
2024-03-16,Nanao,0.132
2024-03-17,Nanao,0.128
2024-03-18,Nanao,0.125
2024-03-19,Nanao,0.121
2024-03-20,Nanao,0.107
2024-03-21,Nanao,0.092
2024-03-22,Nanao,0.078
2024-03-23,Nanao,0.063
2024-03-24,Nanao,0.048
2024-03-25,Nanao,0.034
2024-03-26,Nanao,0.019
2024-03-27,Nanao,0.017
2024-03-28,Nanao,0.014
2024-03-29,Nanao,0.011
2024-03-30,Nanao,0.008
2024-03-31,Nanao,0.006
2024-04-01,Nanao,0.003
2024-04-02,Nanao,0.0
2024-04-03,Nanao,0.0
2024-04-04,Nanao,0.0
2024-04-05,Nanao,0.0
2024-04-06,Nanao,0.0
2024-04-07,Nanao,0.0
2024-04-08,Nanao,0.0
2024-04-09,Nanao,0.0
2024-01-19,Wajima,0.978
2024-01-20,Wajima,0.978
2024-01-21,Wajima,0.978
2024-01-22,Wajima,0.978
2024-01-23,Wajima,0.978
2024-01-24,Wajima,0.978
2024-01-25,Wajima,0.978
2024-01-26,Wajima,0.978
2024-01-27,Wajima,0.978
2024-01-28,Wajima,0.978
2024-01-29,Wajima,0.978
2024-01-30,Wajima,0.978
2024-01-31,Wajima,0.978
2024-02-01,Wajima,0.978
2024-02-02,Wajima,0.978
2024-02-03,Wajima,0.978
2024-02-04,Wajima,0.978
2024-02-05,Wajima,0.978
2024-02-06,Wajima,0.978
2024-02-07,Wajima,0.978
2024-02-08,Wajima,0.978
2024-02-09,Wajima,0.978
2024-02-10,Wajima,0.978
2024-02-11,Wajima,0.978
2024-02-12,Wajima,0.978
2024-02-13,Wajima,0.978
2024-02-14,Wajima,0.978
2024-02-15,Wajima,0.978
2024-02-16,Wajima,0.978
2024-02-17,Wajima,0.93
2024-02-18,Wajima,0.883
2024-02-19,Wajima,0.836
2024-02-20,Wajima,0.789
2024-02-21,Wajima,0.773
2024-02-22,Wajima,0.757
2024-02-23,Wajima,0.752
2024-02-24,Wajima,0.748
2024-02-25,Wajima,0.743
2024-02-26,Wajima,0.738
2024-02-27,Wajima,0.734
2024-02-28,Wajima,0.729
2024-02-29,Wajima,0.712
2024-03-01,Wajima,0.694
2024-03-02,Wajima,0.677
2024-03-03,Wajima,0.659
2024-03-04,Wajima,0.642
2024-03-05,Wajima,0.624
2024-03-06,Wajima,0.607
2024-03-07,Wajima,0.589
2024-03-08,Wajima,0.572
2024-03-09,Wajima,0.565
2024-03-10,Wajima,0.557
2024-03-11,Wajima,0.55
2024-03-12,Wajima,0.543
2024-03-13,Wajima,0.526
2024-03-14,Wajima,0.509
2024-03-15,Wajima,0.492
2024-03-16,Wajima,0.475
2024-03-17,Wajima,0.458
2024-03-18,Wajima,0.441
2024-03-19,Wajima,0.424
2024-03-20,Wajima,0.41
2024-03-21,Wajima,0.396
2024-03-22,Wajima,0.381
2024-03-23,Wajima,0.367
2024-03-24,Wajima,0.352
2024-03-25,Wajima,0.338
2024-03-26,Wajima,0.324
2024-03-27,Wajima,0.303
2024-03-28,Wajima,0.281
2024-03-29,Wajima,0.26
2024-03-30,Wajima,0.239
2024-03-31,Wajima,0.218
2024-04-01,Wajima,0.197
2024-04-02,Wajima,0.176
2024-04-03,Wajima,0.175
2024-04-04,Wajima,0.174
2024-04-05,Wajima,0.173
2024-04-06,Wajima,0.172
2024-04-07,Wajima,0.171
2024-04-08,Wajima,0.17
2024-04-09,Wajima,0.169
2024-01-19,Suzu,0.871
2024-01-20,Suzu,0.871
2024-01-21,Suzu,0.871
2024-01-22,Suzu,0.871
2024-01-23,Suzu,0.871
2024-01-24,Suzu,0.871
2024-01-25,Suzu,0.871
2024-01-26,Suzu,0.871
2024-01-27,Suzu,0.871
2024-01-28,Suzu,0.871
2024-01-29,Suzu,0.871
2024-01-30,Suzu,0.871
2024-01-31,Suzu,0.871
2024-02-01,Suzu,0.871
2024-02-02,Suzu,0.871
2024-02-03,Suzu,0.871
2024-02-04,Suzu,0.871
2024-02-05,Suzu,0.871
2024-02-06,Suzu,0.871
2024-02-07,Suzu,0.871
2024-02-08,Suzu,0.871
2024-02-09,Suzu,0.871
2024-02-10,Suzu,0.871
2024-02-11,Suzu,0.871
2024-02-12,Suzu,0.871
2024-02-13,Suzu,0.871
2024-02-14,Suzu,0.871
2024-02-15,Suzu,0.871
2024-02-16,Suzu,0.871
2024-02-17,Suzu,0.866
2024-02-18,Suzu,0.862
2024-02-19,Suzu,0.857
2024-02-20,Suzu,0.853
2024-02-21,Suzu,0.853
2024-02-22,Suzu,0.853
2024-02-23,Suzu,0.851
2024-02-24,Suzu,0.85
2024-02-25,Suzu,0.848
2024-02-26,Suzu,0.846
2024-02-27,Suzu,0.845
2024-02-28,Suzu,0.843
2024-02-29,Suzu,0.843
2024-03-01,Suzu,0.843
2024-03-02,Suzu,0.843
2024-03-03,Suzu,0.843
2024-03-04,Suzu,0.843
2024-03-05,Suzu,0.843
2024-03-06,Suzu,0.843
2024-03-07,Suzu,0.843
2024-03-08,Suzu,0.843
2024-03-09,Suzu,0.838
2024-03-10,Suzu,0.833
2024-03-11,Suzu,0.828
2024-03-12,Suzu,0.824
2024-03-13,Suzu,0.821
2024-03-14,Suzu,0.818
2024-03-15,Suzu,0.815
2024-03-16,Suzu,0.812
2024-03-17,Suzu,0.809
2024-03-18,Suzu,0.806
2024-03-19,Suzu,0.804
2024-03-20,Suzu,0.803
2024-03-21,Suzu,0.802
2024-03-22,Suzu,0.801
2024-03-23,Suzu,0.8
2024-03-24,Suzu,0.8
2024-03-25,Suzu,0.799
2024-03-26,Suzu,0.798
2024-03-27,Suzu,0.794
2024-03-28,Suzu,0.79
2024-03-29,Suzu,0.786
2024-03-30,Suzu,0.783
2024-03-31,Suzu,0.779
2024-04-01,Suzu,0.775
2024-04-02,Suzu,0.771
2024-04-03,Suzu,0.764
2024-04-04,Suzu,0.758
2024-04-05,Suzu,0.751
2024-04-06,Suzu,0.745
2024-04-07,Suzu,0.739
2024-04-08,Suzu,0.732
2024-04-09,Suzu,0.726
2024-01-19,Shika,0.943
2024-01-20,Shika,0.943
2024-01-21,Shika,0.943
2024-01-22,Shika,0.943
2024-01-23,Shika,0.943
2024-01-24,Shika,0.767
2024-01-25,Shika,0.767
2024-01-26,Shika,0.767
2024-01-27,Shika,0.709
2024-01-28,Shika,0.651
2024-01-29,Shika,0.592
2024-01-30,Shika,0.559
2024-01-31,Shika,0.525
2024-02-01,Shika,0.518
2024-02-02,Shika,0.512
2024-02-03,Shika,0.476
2024-02-04,Shika,0.441
2024-02-05,Shika,0.405
2024-02-06,Shika,0.379
2024-02-07,Shika,0.353
2024-02-08,Shika,0.327
2024-02-09,Shika,0.301
2024-02-10,Shika,0.275
2024-02-11,Shika,0.249
2024-02-12,Shika,0.223
2024-02-13,Shika,0.197
2024-02-14,Shika,0.184
2024-02-15,Shika,0.172
2024-02-16,Shika,0.16
2024-02-17,Shika,0.14
2024-02-18,Shika,0.121
2024-02-19,Shika,0.101
2024-02-20,Shika,0.081
2024-02-21,Shika,0.077
2024-02-22,Shika,0.074
2024-02-23,Shika,0.07
2024-02-24,Shika,0.066
2024-02-25,Shika,0.063
2024-02-26,Shika,0.059
2024-02-27,Shika,0.055
2024-02-28,Shika,0.051
2024-02-29,Shika,0.045
2024-03-01,Shika,0.04
2024-03-02,Shika,0.034
2024-03-03,Shika,0.028
2024-03-04,Shika,0.023
2024-03-05,Shika,0.017
2024-03-06,Shika,0.011
2024-03-07,Shika,0.006
2024-03-08,Shika,0.0
2024-03-09,Shika,0.0
2024-03-10,Shika,0.0
2024-03-11,Shika,0.0
2024-03-12,Shika,0.0
2024-03-13,Shika,0.0
2024-03-14,Shika,0.0
2024-03-15,Shika,0.0
2024-03-16,Shika,0.0
2024-03-17,Shika,0.0
2024-03-18,Shika,0.0
2024-03-19,Shika,0.0
2024-03-20,Shika,0.0
2024-03-21,Shika,0.0
2024-03-22,Shika,0.0
2024-03-23,Shika,0.0
2024-03-24,Shika,0.0
2024-03-25,Shika,0.0
2024-03-26,Shika,0.0
2024-03-27,Shika,0.0
2024-03-28,Shika,0.0
2024-03-29,Shika,0.0
2024-03-30,Shika,0.0
2024-03-31,Shika,0.0
2024-04-01,Shika,0.0
2024-04-02,Shika,0.0
2024-04-03,Shika,0.0
2024-04-04,Shika,0.0
2024-04-05,Shika,0.0
2024-04-06,Shika,0.0
2024-04-07,Shika,0.0
2024-04-08,Shika,0.0
2024-04-09,Shika,0.0
2024-01-19,Anamizu,0.972
2024-01-20,Anamizu,0.972
2024-01-21,Anamizu,0.972
2024-01-22,Anamizu,0.972
2024-01-23,Anamizu,0.972
2024-01-24,Anamizu,0.972
2024-01-25,Anamizu,0.82
2024-01-26,Anamizu,0.82
2024-01-27,Anamizu,0.78
2024-01-28,Anamizu,0.739
2024-01-29,Anamizu,0.699
2024-01-30,Anamizu,0.653
2024-01-31,Anamizu,0.608
2024-02-01,Anamizu,0.608
2024-02-02,Anamizu,0.608
2024-02-03,Anamizu,0.567
2024-02-04,Anamizu,0.527
2024-02-05,Anamizu,0.486
2024-02-06,Anamizu,0.466
2024-02-07,Anamizu,0.446
2024-02-08,Anamizu,0.425
2024-02-09,Anamizu,0.413
2024-02-10,Anamizu,0.401
2024-02-11,Anamizu,0.389
2024-02-12,Anamizu,0.377
2024-02-13,Anamizu,0.365
2024-02-14,Anamizu,0.354
2024-02-15,Anamizu,0.344
2024-02-16,Anamizu,0.334
2024-02-17,Anamizu,0.301
2024-02-18,Anamizu,0.267
2024-02-19,Anamizu,0.234
2024-02-20,Anamizu,0.2
2024-02-21,Anamizu,0.2
2024-02-22,Anamizu,0.2
2024-02-23,Anamizu,0.178
2024-02-24,Anamizu,0.155
2024-02-25,Anamizu,0.132
2024-02-26,Anamizu,0.109
2024-02-27,Anamizu,0.087
2024-02-28,Anamizu,0.064
2024-02-29,Anamizu,0.057
2024-03-01,Anamizu,0.05
2024-03-02,Anamizu,0.043
2024-03-03,Anamizu,0.035
2024-03-04,Anamizu,0.028
2024-03-05,Anamizu,0.021
2024-03-06,Anamizu,0.014
2024-03-07,Anamizu,0.007
2024-03-08,Anamizu,0.0
2024-03-09,Anamizu,0.0
2024-03-10,Anamizu,0.0
2024-03-11,Anamizu,0.0
2024-03-12,Anamizu,0.0
2024-03-13,Anamizu,0.0
2024-03-14,Anamizu,0.0
2024-03-15,Anamizu,0.0
2024-03-16,Anamizu,0.0
2024-03-17,Anamizu,0.0
2024-03-18,Anamizu,0.0
2024-03-19,Anamizu,0.0
2024-03-20,Anamizu,0.0
2024-03-21,Anamizu,0.0
2024-03-22,Anamizu,0.0
2024-03-23,Anamizu,0.0
2024-03-24,Anamizu,0.0
2024-03-25,Anamizu,0.0
2024-03-26,Anamizu,0.0
2024-03-27,Anamizu,0.0
2024-03-28,Anamizu,0.0
2024-03-29,Anamizu,0.0
2024-03-30,Anamizu,0.0
2024-03-31,Anamizu,0.0
2024-04-01,Anamizu,0.0
2024-04-02,Anamizu,0.0
2024-04-03,Anamizu,0.0
2024-04-04,Anamizu,0.0
2024-04-05,Anamizu,0.0
2024-04-06,Anamizu,0.0
2024-04-07,Anamizu,0.0
2024-04-08,Anamizu,0.0
2024-04-09,Anamizu,0.0
2024-01-19,Noto-town,0.906
2024-01-20,Noto-town,0.906
2024-01-21,Noto-town,0.898
2024-01-22,Noto-town,0.89
2024-01-23,Noto-town,0.89
2024-01-24,Noto-town,0.86
2024-01-25,Noto-town,0.844
2024-01-26,Noto-town,0.844
2024-01-27,Noto-town,0.829
2024-01-28,Noto-town,0.814
2024-01-29,Noto-town,0.798
2024-01-30,Noto-town,0.798
2024-01-31,Noto-town,0.798
2024-02-01,Noto-town,0.783
2024-02-02,Noto-town,0.768
2024-02-03,Noto-town,0.768
2024-02-04,Noto-town,0.768
2024-02-05,Noto-town,0.768
2024-02-06,Noto-town,0.768
2024-02-07,Noto-town,0.768
2024-02-08,Noto-town,0.768
2024-02-09,Noto-town,0.734
2024-02-10,Noto-town,0.7
2024-02-11,Noto-town,0.666
2024-02-12,Noto-town,0.632
2024-02-13,Noto-town,0.599
2024-02-14,Noto-town,0.588
2024-02-15,Noto-town,0.578
2024-02-16,Noto-town,0.568
2024-02-17,Noto-town,0.558
2024-02-18,Noto-town,0.548
2024-02-19,Noto-town,0.538
2024-02-20,Noto-town,0.528
2024-02-21,Noto-town,0.504
2024-02-22,Noto-town,0.481
2024-02-23,Noto-town,0.476
2024-02-24,Noto-town,0.471
2024-02-25,Noto-town,0.467
2024-02-26,Noto-town,0.462
2024-02-27,Noto-town,0.457
2024-02-28,Noto-town,0.453
2024-02-29,Noto-town,0.451
2024-03-01,Noto-town,0.449
2024-03-02,Noto-town,0.448
2024-03-03,Noto-town,0.446
2024-03-04,Noto-town,0.444
2024-03-05,Noto-town,0.443
2024-03-06,Noto-town,0.441
2024-03-07,Noto-town,0.439
2024-03-08,Noto-town,0.438
2024-03-09,Noto-town,0.43
2024-03-10,Noto-town,0.423
2024-03-11,Noto-town,0.416
2024-03-12,Noto-town,0.408
2024-03-13,Noto-town,0.387
2024-03-14,Noto-town,0.365
2024-03-15,Noto-town,0.343
2024-03-16,Noto-town,0.322
2024-03-17,Noto-town,0.3
2024-03-18,Noto-town,0.278
2024-03-19,Noto-town,0.256
2024-03-20,Noto-town,0.242
2024-03-21,Noto-town,0.228
2024-03-22,Noto-town,0.214
2024-03-23,Noto-town,0.199
2024-03-24,Noto-town,0.185
2024-03-25,Noto-town,0.171
2024-03-26,Noto-town,0.157
2024-03-27,Noto-town,0.147
2024-03-28,Noto-town,0.137
2024-03-29,Noto-town,0.128
2024-03-30,Noto-town,0.118
2024-03-31,Noto-town,0.108
2024-04-01,Noto-town,0.099
2024-04-02,Noto-town,0.089
2024-04-03,Noto-town,0.086
2024-04-04,Noto-town,0.082
2024-04-05,Noto-town,0.079
2024-04-06,Noto-town,0.075
2024-04-07,Noto-town,0.071
2024-04-08,Noto-town,0.068
2024-04-09,Noto-town,0.064
2024-01-19,Nakanoto,0.0
2024-01-20,Nakanoto,0.0
2024-01-21,Nakanoto,0.0
2024-01-22,Nakanoto,0.0
2024-01-23,Nakanoto,0.0
2024-01-24,Nakanoto,0.0
2024-01-25,Nakanoto,0.0
2024-01-26,Nakanoto,0.0
2024-01-27,Nakanoto,0.0
2024-01-28,Nakanoto,0.0
2024-01-29,Nakanoto,0.0
2024-01-30,Nakanoto,0.0
2024-01-31,Nakanoto,0.0
2024-02-01,Nakanoto,0.0
2024-02-02,Nakanoto,0.0
2024-02-03,Nakanoto,0.0
2024-02-04,Nakanoto,0.0
2024-02-05,Nakanoto,0.0
2024-02-06,Nakanoto,0.0
2024-02-07,Nakanoto,0.0
2024-02-08,Nakanoto,0.0
2024-02-09,Nakanoto,0.0
2024-02-10,Nakanoto,0.0
2024-02-11,Nakanoto,0.0
2024-02-12,Nakanoto,0.0
2024-02-13,Nakanoto,0.0
2024-02-14,Nakanoto,0.0
2024-02-15,Nakanoto,0.0
2024-02-16,Nakanoto,0.0
2024-02-17,Nakanoto,0.0
2024-02-18,Nakanoto,0.0
2024-02-19,Nakanoto,0.0
2024-02-20,Nakanoto,0.0
2024-02-21,Nakanoto,0.0
2024-02-22,Nakanoto,0.0
2024-02-23,Nakanoto,0.0
2024-02-24,Nakanoto,0.0
2024-02-25,Nakanoto,0.0
2024-02-26,Nakanoto,0.0
2024-02-27,Nakanoto,0.0
2024-02-28,Nakanoto,0.0
2024-02-29,Nakanoto,0.0
2024-03-01,Nakanoto,0.0
2024-03-02,Nakanoto,0.0
2024-03-03,Nakanoto,0.0
2024-03-04,Nakanoto,0.0
2024-03-05,Nakanoto,0.0
2024-03-06,Nakanoto,0.0
2024-03-07,Nakanoto,0.0
2024-03-08,Nakanoto,0.0
2024-03-09,Nakanoto,0.0
2024-03-10,Nakanoto,0.0
2024-03-11,Nakanoto,0.0
2024-03-12,Nakanoto,0.0
2024-03-13,Nakanoto,0.0
2024-03-14,Nakanoto,0.0
2024-03-15,Nakanoto,0.0
2024-03-16,Nakanoto,0.0
2024-03-17,Nakanoto,0.0
2024-03-18,Nakanoto,0.0
2024-03-19,Nakanoto,0.0
2024-03-20,Nakanoto,0.0
2024-03-21,Nakanoto,0.0
2024-03-22,Nakanoto,0.0
2024-03-23,Nakanoto,0.0
2024-03-24,Nakanoto,0.0
2024-03-25,Nakanoto,0.0
2024-03-26,Nakanoto,0.0
2024-03-27,Nakanoto,0.0
2024-03-28,Nakanoto,0.0
2024-03-29,Nakanoto,0.0
2024-03-30,Nakanoto,0.0
2024-03-31,Nakanoto,0.0
2024-04-01,Nakanoto,0.0
2024-04-02,Nakanoto,0.0
2024-04-03,Nakanoto,0.0
2024-04-04,Nakanoto,0.0
2024-04-05,Nakanoto,0.0
2024-04-06,Nakanoto,0.0
2024-04-07,Nakanoto,0.0
2024-04-08,Nakanoto,0.0
2024-04-09,Nakanoto,0.0
