model,window,combined,diag,off
local,early_jan,0.2427836943768204,0.1232261315776776,0.3623412571759631
temporal,early_jan,0.2423713723295089,0.1243543535598833,0.3603883910991347
combined,early_jan,0.2326095108030726,0.1125494604581555,0.3526695611479897
boundary,early_jan,0.2490131203812777,0.1453566796145657,0.3526695611479897
local,jan_tail,0.2154520171335963,0.1061019361948545,0.324802098072338
temporal,jan_tail,0.2220690608575192,0.1106314488123635,0.3335066729026749
combined,jan_tail,0.2102554360223559,0.0977172595364768,0.3227936125082349
boundary,jan_tail,0.2145124436842445,0.1062312748602541,0.3227936125082349
local,jan_last10,0.2137416493913115,0.1044533499806807,0.3230299488019424
temporal,jan_last10,0.2132699510391584,0.1014661073454575,0.3250737947328592
combined,jan_last10,0.2084833850031509,0.0971690290994135,0.3197977409068882
boundary,jan_last10,0.2074331327698011,0.0950685246327139,0.3197977409068882
local,april_full,0.2051197130785693,0.0899418380750295,0.3202975880821093
temporal,april_full,0.2018883299370729,0.0886570860911406,0.3151195737830052
combined,april_full,0.2008364359280322,0.0884879975756176,0.3131848742804468
boundary,april_full,0.2010872066897411,0.0889895390990355,0.3131848742804468
local,april_first14,0.2012637819358767,0.0845559160694293,0.3179716478023242
temporal,april_first14,0.1991575870445909,0.0849206475664461,0.3133945265227357
combined,april_first14,0.1977677123058117,0.0842503300731874,0.311285094538436
boundary,april_first14,0.1974080059819592,0.0835309174254823,0.311285094538436
local,gap_may_june,0.2048729503472613,0.0919193246390779,0.3178265760554446
temporal,gap_may_june,0.2045626216250209,0.0891343890636537,0.319990854186388
combined,gap_may_june,0.2031263487800336,0.0889358125741505,0.3173168849859167
boundary,gap_may_june,0.2032608852362759,0.0892048854866351,0.3173168849859167
local,gap_july_aug,0.2125848929131993,0.1045790069744724,0.3205907788519262
temporal,gap_july_aug,0.2117536032673733,0.1025510196240706,0.3209561869106759
combined,gap_july_aug,0.210482817275471,0.1021678020426991,0.318797832508243
boundary,gap_july_aug,0.2100855860464389,0.1013733395846347,0.318797832508243
local,normal_timetable_event,0.215294905120835,0.1055420624263135,0.3250477478153565
temporal,normal_timetable_event,0.2144193674974873,0.0967389965737631,0.3320997384212115
combined,normal_timetable_event,0.2124545510982218,0.0990696586231465,0.3258394435732971
boundary,normal_timetable_event,0.2126344617505185,0.0994294799277401,0.3258394435732971
local,rain_shock,0.2076409971265674,0.1016346644397364,0.3136473298133984
temporal,rain_shock,0.2104519041724017,0.1028982867072517,0.3180055216375517
combined,rain_shock,0.2066957200055736,0.1012317939877349,0.3121596460234123
boundary,rain_shock,0.2069820856246908,0.1018045252259693,0.3121596460234123
local,winter_control,0.2667795212475699,0.2024084515446206,0.3311505909505191
temporal,winter_control,0.2062793897781979,0.0980966078007853,0.3144621717556106
combined,winter_control,0.2268140274571425,0.1359222569404693,0.3177057979738157
boundary,winter_control,0.2274183160116822,0.1371308340495486,0.3177057979738157
local,A_jan_trough,0.2427836943768204,0.1232261315776776,0.3623412571759631
temporal,A_jan_trough,0.2423713723295089,0.1243543535598833,0.3603883910991347
combined,A_jan_trough,0.2326095108030726,0.1125494604581555,0.3526695611479897
boundary,A_jan_trough,0.2490131203812777,0.1453566796145657,0.3526695611479897
local,B_jan_anchored,0.2051197130785693,0.0899418380750295,0.3202975880821093
temporal,B_jan_anchored,0.2018883299370729,0.0886570860911406,0.3151195737830052
combined,B_jan_anchored,0.2008364359280322,0.0884879975756176,0.3131848742804468
boundary,B_jan_anchored,0.2010872066897411,0.0889895390990355,0.3131848742804468
local,S_apr_may,0.2124735735861337,0.0984220627747377,0.3265250843975298
temporal,S_apr_may,0.2048925174337592,0.0899049926536785,0.3198800422138399
combined,S_apr_may,0.2055642272229186,0.0925766537119298,0.3185518007339074
boundary,S_apr_may,0.2039894503006408,0.0894270998673741,0.3185518007339074
local,S_may_jun,0.2048729503472613,0.0919193246390779,0.3178265760554446
temporal,S_may_jun,0.2045626216250209,0.0891343890636537,0.319990854186388
combined,S_may_jun,0.2031263487800336,0.0889358125741505,0.3173168849859167
boundary,S_may_jun,0.2032608852362759,0.0892048854866351,0.3173168849859167
local,S_jun_jul,0.2112091517138813,0.1014046541277313,0.3210136493000313
temporal,S_jun_jul,0.2099652053303949,0.0971706379313627,0.3227597727294272
combined,S_jun_jul,0.2091353829739733,0.0984485402805611,0.3198222256673855
boundary,S_jun_jul,0.2083944184635453,0.0969666112597051,0.3198222256673855
local,S_jul_aug,0.2125848929131993,0.1045790069744724,0.3205907788519262
temporal,S_jul_aug,0.2117536032673733,0.1025510196240706,0.3209561869106759
combined,S_jul_aug,0.210482817275471,0.1021678020426991,0.318797832508243
boundary,S_jul_aug,0.2100855860464389,0.1013733395846347,0.318797832508243
local,S_aug_sep,0.2056222119187579,0.1013912807837335,0.3098531430537822
temporal,S_aug_sep,0.2069800363649059,0.0991249145908142,0.3148351581389975
combined,S_aug_sep,0.2046950403696573,0.0991143634699727,0.3102757172693419
boundary,S_aug_sep,0.2044321519035907,0.0985885865378396,0.3102757172693419
local,C_rain_shock,0.2076409971265674,0.1016346644397364,0.3136473298133984
temporal,C_rain_shock,0.2104519041724017,0.1028982867072517,0.3180055216375517
combined,C_rain_shock,0.2066957200055736,0.1012317939877349,0.3121596460234123
boundary,C_rain_shock,0.2069820856246908,0.1018045252259693,0.3121596460234123
